IMG_0522.jpg,IMG_0522.txt
IMG_0523.jpg,IMG_0523.txt
IMG_0524.jpg,IMG_0524.txt
IMG_0525.jpg,IMG_0525.txt
IMG_0526.jpg,IMG_0526.txt
IMG_0527.jpg,IMG_0527.txt
IMG_0528.jpg,IMG_0528.txt
IMG_0529.jpg,IMG_0529.txt
IMG_0530.jpg,IMG_0530.txt
IMG_0533.jpg,IMG_0533.txt
IMG_0534.jpg,IMG_0534.txt
IMG_0536.jpg,IMG_0536.txt
IMG_0537.jpg,IMG_0537.txt
IMG_0538.jpg,IMG_0538.txt
IMG_0539.jpg,IMG_0539.txt
IMG_0540.jpg,IMG_0540.txt
IMG_0541.jpg,IMG_0541.txt
IMG_0542.jpg,IMG_0542.txt
IMG_0544.jpg,IMG_0544.txt
IMG_0545.jpg,IMG_0545.txt
IMG_0546.jpg,IMG_0546.txt
IMG_0547.jpg,IMG_0547.txt
IMG_0548.jpg,IMG_0548.txt
IMG_0549.jpg,IMG_0549.txt
IMG_0550.jpg,IMG_0550.txt
IMG_0551.jpg,IMG_0551.txt
IMG_0552.jpg,IMG_0552.txt
IMG_0554.jpg,IMG_0554.txt
IMG_0555.jpg,IMG_0555.txt
IMG_0557.jpg,IMG_0557.txt
IMG_0558.jpg,IMG_0558.txt
IMG_0559.jpg,IMG_0559.txt
IMG_0560.jpg,IMG_0560.txt
IMG_0561.jpg,IMG_0561.txt
IMG_0562.jpg,IMG_0562.txt
IMG_0564.jpg,IMG_0564.txt
IMG_0567.jpg,IMG_0567.txt
IMG_0568.jpg,IMG_0568.txt
IMG_0569.jpg,IMG_0569.txt
IMG_0570.jpg,IMG_0570.txt
IMG_0571.jpg,IMG_0571.txt
IMG_0572.jpg,IMG_0572.txt
IMG_0573.jpg,IMG_0573.txt
IMG_0574.jpg,IMG_0574.txt
IMG_0575.jpg,IMG_0575.txt
IMG_0577.jpg,IMG_0577.txt
IMG_0579.jpg,IMG_0579.txt
IMG_0580.jpg,IMG_0580.txt
IMG_0581.jpg,IMG_0581.txt
IMG_0582.jpg,IMG_0582.txt
IMG_0585.jpg,IMG_0585.txt
IMG_0586.jpg,IMG_0586.txt
IMG_0587.jpg,IMG_0587.txt
IMG_0588.jpg,IMG_0588.txt
IMG_0590.jpg,IMG_0590.txt
IMG_0591.jpg,IMG_0591.txt
IMG_0592.jpg,IMG_0592.txt
IMG_0593.jpg,IMG_0593.txt
IMG_0594.jpg,IMG_0594.txt
IMG_0595.jpg,IMG_0595.txt
IMG_0595.jpg,IMG_0595.txt
IMG_0596.jpg,IMG_0596.txt
IMG_0597.jpg,IMG_0597.txt
IMG_0598.jpg,IMG_0598.txt
IMG_0600.jpg,IMG_0600.txt
IMG_0601.jpg,IMG_0601.txt
IMG_0602.jpg,IMG_0602.txt
IMG_0603.jpg,IMG_0603.txt
IMG_0604.jpg,IMG_0604.txt
IMG_0605.jpg,IMG_0605.txt
IMG_0606.jpg,IMG_0606.txt
IMG_0607.jpg,IMG_0607.txt
IMG_0608.jpg,IMG_0608.txt
IMG_0610.jpg,IMG_0610.txt
IMG_0612.jpg,IMG_0612.txt
IMG_0613.jpg,IMG_0613.txt
IMG_0614.jpg,IMG_0614.txt
IMG_0615.jpg,IMG_0615.txt
IMG_0616.jpg,IMG_0616.txt
IMG_0617.jpg,IMG_0617.txt
IMG_0618.jpg,IMG_0618.txt
IMG_0620.jpg,IMG_0620.txt
